-6.794018387230366107e-02,8.273680238897014760e+01,-2.469952902327471384e+04,5.860000000000000000e+02,6.440000000000000000e+02,1.000000000000000000e+00,1.700000000000000000e+01
-1.471291899050461687e-03,1.107327925794863832e+00,2.454919770410905073e+02,3.980000000000000000e+02,6.400000000000000000e+02,0.000000000000000000e+00,1.300000000000000000e+01
-1.381905075405752935e-03,1.291545588475480288e+00,1.913983203623510860e+02,3.860000000000000000e+02,6.900000000000000000e+02,0.000000000000000000e+00,1.300000000000000000e+01
-1.030459711488797628e-03,1.092893457899566156e+00,1.619847492954939128e+02,5.740000000000000000e+02,6.540000000000000000e+02,1.000000000000000000e+00,1.300000000000000000e+01
-2.980964027418259166e-02,3.473388301651138477e+01,-9.659668841258724569e+03,5.640000000000000000e+02,6.140000000000000000e+02,1.000000000000000000e+00,1.400000000000000000e+01
-1.752169810700133796e-03,1.990981974215851213e+00,-4.253358145438005522e+01,5.100000000000000000e+02,6.820000000000000000e+02,1.000000000000000000e+00,1.300000000000000000e+01
-4.522464014274675537e-03,5.864642214204704551e+00,-1.436625676428221368e+03,5.480000000000000000e+02,6.820000000000000000e+02,1.000000000000000000e+00,1.400000000000000000e+01
-1.287108373730700599e-03,1.226332007999830997e+00,1.904509351059045343e+02,3.980000000000000000e+02,6.820000000000000000e+02,0.000000000000000000e+00,1.300000000000000000e+01
-1.508808856436508455e-03,1.615508435183697689e+00,7.462136614408585444e+01,4.400000000000000000e+02,7.020000000000000000e+02,0.000000000000000000e+00,1.300000000000000000e+01
1.819725043535776014e-03,-1.671670050897418269e+00,8.454428450483927691e+02,3.840000000000000000e+02,5.780000000000000000e+02,0.000000000000000000e+00,1.300000000000000000e+01
-1.757887631318993905e-03,1.241078692093488645e+00,2.159243562313980931e+02,3.720000000000000000e+02,5.680000000000000000e+02,0.000000000000000000e+00,1.200000000000000000e+01
-1.372389630623207200e-03,1.145019964241632104e+00,2.470860655933368264e+02,3.820000000000000000e+02,6.860000000000000000e+02,0.000000000000000000e+00,1.400000000000000000e+01
-1.190476190475759722e-03,1.202380952380423418e+00,1.676000000001629644e+02,6.020000000000000000e+02,6.320000000000000000e+02,1.000000000000000000e+00,1.300000000000000000e+01
-6.244012359770545126e-03,7.672813480156590593e+00,-1.877863059931162752e+03,5.780000000000000000e+02,6.480000000000000000e+02,1.000000000000000000e+00,1.300000000000000000e+01
-3.230605662008146760e-03,2.646763000911823482e+00,-7.471894258693475876e+01,4.040000000000000000e+02,5.280000000000000000e+02,0.000000000000000000e+00,1.400000000000000000e+01
-3.815628815628367308e-04,-5.525030525035493773e-02,5.625347985348124666e+02,4.560000000000000000e+02,5.640000000000000000e+02,1.000000000000000000e+00,1.100000000000000000e+01
-1.061213000767238790e-03,1.028044045514166172e+00,2.529055385591648530e+02,3.860000000000000000e+02,7.140000000000000000e+02,0.000000000000000000e+00,1.400000000000000000e+01
1.182795698924822905e-02,-1.410107526881849083e+01,4.613987096774633756e+03,5.760000000000000000e+02,6.380000000000000000e+02,1.000000000000000000e+00,1.400000000000000000e+01
-3.818998716303952101e-02,4.611232349166822786e+01,-1.345526829268667825e+04,5.640000000000000000e+02,6.460000000000000000e+02,1.000000000000000000e+00,1.400000000000000000e+01
4.251979187195102650e-03,2.462872687159618212e-01,-1.053341543585322370e+03,5.580000000000000000e+02,5.600000000000000000e+02,1.000000000000000000e+00,1.500000000000000000e+01
-3.144771138041774715e-04,8.746622105401316016e-01,8.577757260568668940e+00,5.760000000000000000e+02,6.440000000000000000e+02,1.000000000000000000e+00,1.400000000000000000e+01
-2.822611597244853335e-05,2.335890780072033268e-01,2.880079549457597636e+02,5.900000000000000000e+02,6.000000000000000000e+02,1.000000000000000000e+00,1.500000000000000000e+01
-6.906618020484666699e-03,9.149264022945484243e+00,-2.530899413099243702e+03,5.580000000000000000e+02,7.020000000000000000e+02,1.000000000000000000e+00,1.400000000000000000e+01
-2.233045382490445908e-03,1.931932200108886555e+00,6.912203937856475022e+01,3.960000000000000000e+02,6.220000000000000000e+02,0.000000000000000000e+00,1.300000000000000000e+01
-1.900383300763103071e-03,1.608837496725445737e+00,1.388977691850569443e+02,3.940000000000000000e+02,6.580000000000000000e+02,0.000000000000000000e+00,1.400000000000000000e+01
-1.341348825134109669e-02,1.731613197770007417e+01,-5.133470006684092368e+03,5.900000000000000000e+02,6.820000000000000000e+02,1.000000000000000000e+00,1.400000000000000000e+01
-3.420760962123294783e-03,3.318211771081789885e-01,1.134732330222795554e+03,4.840000000000000000e+02,4.900000000000000000e+02,1.000000000000000000e+00,1.300000000000000000e+01
-6.653832999261810816e-04,6.464020586104225474e-01,2.661001860735690911e+02,5.340000000000000000e+02,6.620000000000000000e+02,1.000000000000000000e+00,1.300000000000000000e+01
-3.214285714288611651e-02,3.985000000003587672e+01,-1.183317142858253828e+04,6.040000000000000000e+02,6.280000000000000000e+02,1.000000000000000000e+00,1.400000000000000000e+01
-2.779825922571197913e-03,2.400368186701272055e+00,-2.535521520397302808e+01,3.700000000000000000e+02,6.160000000000000000e+02,0.000000000000000000e+00,1.500000000000000000e+01
-8.400184520951989439e-04,8.373868611022955433e-01,2.933563288766662822e+02,3.760000000000000000e+02,6.920000000000000000e+02,0.000000000000000000e+00,1.400000000000000000e+01
-4.262340914952866822e-03,4.867704024710435284e+00,-9.403503938209578337e+02,5.320000000000000000e+02,6.500000000000000000e+02,1.000000000000000000e+00,1.200000000000000000e+01
-2.520582258116062322e-03,2.385415682471076160e+00,-6.509839362843301558e+01,3.740000000000000000e+02,6.340000000000000000e+02,0.000000000000000000e+00,1.400000000000000000e+01
-4.937376294891306777e-02,5.305347902002667837e+01,-1.379083996487110562e+04,5.220000000000000000e+02,5.680000000000000000e+02,1.000000000000000000e+00,1.400000000000000000e+01
-1.783463085258889897e-03,1.413937133213384545e+00,1.717282414948630560e+02,3.580000000000000000e+02,6.240000000000000000e+02,0.000000000000000000e+00,1.300000000000000000e+01
-4.505498319751377427e-03,5.294968183123233807e+00,-1.135260779788890659e+03,5.600000000000000000e+02,6.560000000000000000e+02,1.000000000000000000e+00,1.200000000000000000e+01
-1.144259262994256916e-03,1.005372665165620960e+00,2.572749137401199278e+02,3.920000000000000000e+02,6.900000000000000000e+02,0.000000000000000000e+00,1.200000000000000000e+01
-8.800134326535939602e-04,8.110071336030769684e-01,2.910843371922553615e+02,3.940000000000000000e+02,6.900000000000000000e+02,0.000000000000000000e+00,1.200000000000000000e+01
-5.699996924374830728e-03,6.340662605396250484e+00,-1.293419187594356117e+03,5.380000000000000000e+02,6.160000000000000000e+02,1.000000000000000000e+00,1.100000000000000000e+01
-1.400340072064894335e-03,1.352154880032652384e+00,1.737647472823716157e+02,4.760000000000000000e+02,6.520000000000000000e+02,1.000000000000000000e+00,1.300000000000000000e+01
-4.812823908980957271e-03,5.662904762645876389e+00,-1.245871810775939366e+03,5.340000000000000000e+02,6.420000000000000000e+02,1.000000000000000000e+00,1.200000000000000000e+01
-1.305106928951652034e-03,1.090523227474198276e+00,2.553419982223445288e+02,3.740000000000000000e+02,6.580000000000000000e+02,0.000000000000000000e+00,1.300000000000000000e+01
-2.490108745849464213e-03,2.874476920346384468e+00,-3.684269392135370254e+02,5.320000000000000000e+02,6.800000000000000000e+02,1.000000000000000000e+00,1.200000000000000000e+01
-7.905524372186005511e-02,9.016559929223274139e+01,-2.523585841764190991e+04,5.580000000000000000e+02,5.900000000000000000e+02,1.000000000000000000e+00,1.400000000000000000e+01
-1.810698482551631114e-02,2.124606691407186077e+01,-5.785651804581470060e+03,5.460000000000000000e+02,6.360000000000000000e+02,1.000000000000000000e+00,1.500000000000000000e+01
-9.568620699332681077e-04,8.851922025901067803e-01,2.810735318976992403e+02,3.640000000000000000e+02,6.660000000000000000e+02,0.000000000000000000e+00,1.300000000000000000e+01
-1.921419502378755731e-03,1.776412532236312458e+00,6.060618797194752005e+01,4.280000000000000000e+02,6.400000000000000000e+02,0.000000000000000000e+00,1.300000000000000000e+01
-1.471924300293513685e-03,1.349676732295608694e+00,1.748933015700760052e+02,3.960000000000000000e+02,6.820000000000000000e+02,0.000000000000000000e+00,1.400000000000000000e+01
-2.739303879183390376e-03,2.473380374292920791e+00,-7.547631035596945992e+01,3.920000000000000000e+02,6.100000000000000000e+02,0.000000000000000000e+00,1.300000000000000000e+01
-1.533026630330233155e-03,1.345801705976874763e+00,1.729602332908378628e+02,3.820000000000000000e+02,6.660000000000000000e+02,0.000000000000000000e+00,1.400000000000000000e+01
-8.087137278833873844e-03,9.841058432608701168e+00,-2.469221458824629281e+03,5.380000000000000000e+02,6.800000000000000000e+02,1.000000000000000000e+00,1.300000000000000000e+01
-5.520523860091283404e-04,2.917325100512654368e-01,4.564532849027934844e+02,5.160000000000000000e+02,5.300000000000000000e+02,1.000000000000000000e+00,1.400000000000000000e+01
-6.810364287390760669e-03,7.728945841275100648e+00,-1.737431191665137476e+03,5.840000000000000000e+02,6.520000000000000000e+02,1.000000000000000000e+00,1.300000000000000000e+01
-4.017827852938690020e-03,4.452713818509421273e+00,-8.092576782294778468e+02,5.360000000000000000e+02,6.720000000000000000e+02,1.000000000000000000e+00,1.300000000000000000e+01
-1.719576719576829983e-03,2.034126984127118565e+00,-1.415026455026864198e+02,5.860000000000000000e+02,6.400000000000000000e+02,1.000000000000000000e+00,1.100000000000000000e+01
-9.287787743372681376e-04,8.044011112172307909e-01,3.179257519387614934e+02,3.880000000000000000e+02,6.760000000000000000e+02,0.000000000000000000e+00,1.300000000000000000e+01
-2.235198528932227750e-03,1.911367321094085137e+00,7.289159919087259709e+01,3.800000000000000000e+02,6.100000000000000000e+02,0.000000000000000000e+00,1.500000000000000000e+01
-2.826558781579869076e-02,3.223527747226079043e+01,-8.744537868218678341e+03,5.640000000000000000e+02,6.380000000000000000e+02,1.000000000000000000e+00,1.400000000000000000e+01
-2.976520953415176529e-03,3.835672569907609741e+00,-7.737918495770775280e+02,5.400000000000000000e+02,6.700000000000000000e+02,1.000000000000000000e+00,1.200000000000000000e+01
-7.194097198296079201e-03,8.886648375220744356e+00,-2.285107259606792923e+03,5.380000000000000000e+02,6.840000000000000000e+02,1.000000000000000000e+00,1.400000000000000000e+01
-2.172591896133840850e-02,2.568800864574872023e+01,-7.133477119031528673e+03,5.920000000000000000e+02,6.680000000000000000e+02,1.000000000000000000e+00,1.400000000000000000e+01
-4.257201068064637300e-02,5.015183433653443501e+01,-1.427993787275891555e+04,5.720000000000000000e+02,6.320000000000000000e+02,1.000000000000000000e+00,1.300000000000000000e+01
-2.133042516508876826e-03,2.159808961288648632e+00,-3.254681900489370605e+01,3.980000000000000000e+02,7.340000000000000000e+02,0.000000000000000000e+00,1.600000000000000000e+01
-2.260337683215496614e-03,2.146393742348760014e+00,4.925380814213895064e+00,3.740000000000000000e+02,6.660000000000000000e+02,0.000000000000000000e+00,1.600000000000000000e+01
-9.251569382467667415e-04,8.433427409847736866e-01,2.936959463895818772e+02,3.960000000000000000e+02,7.100000000000000000e+02,0.000000000000000000e+00,1.400000000000000000e+01
-9.373858193565443074e-04,8.707503949326268478e-01,2.721058963136759985e+02,5.340000000000000000e+02,6.880000000000000000e+02,1.000000000000000000e+00,1.200000000000000000e+01
-2.651757855798381192e-03,2.094746813061727053e+00,5.711665274498287914e+01,3.460000000000000000e+02,5.700000000000000000e+02,0.000000000000000000e+00,1.600000000000000000e+01
-2.600007549601242220e-03,3.127848178964823589e+00,-5.213823896231558592e+02,5.260000000000000000e+02,6.720000000000000000e+02,1.000000000000000000e+00,1.300000000000000000e+01
-6.001925350359352609e-03,7.438307523789396747e+00,-1.810297256464991960e+03,5.500000000000000000e+02,6.940000000000000000e+02,1.000000000000000000e+00,1.100000000000000000e+01
-1.030423721050837543e-02,1.201224837777651189e+01,-3.011397728899538379e+03,5.120000000000000000e+02,6.400000000000000000e+02,1.000000000000000000e+00,1.400000000000000000e+01
-2.276727133075530374e-02,2.579965647876359469e+01,-6.848320083477749904e+03,5.280000000000000000e+02,5.980000000000000000e+02,1.000000000000000000e+00,1.300000000000000000e+01
4.231236753731791589e-03,-5.569726196491094683e+00,2.195879812279637918e+03,5.260000000000000000e+02,6.420000000000000000e+02,1.000000000000000000e+00,1.400000000000000000e+01
-3.313339511048539205e-03,2.660238551655446759e+00,-6.200504653284512102e+01,3.760000000000000000e+02,5.600000000000000000e+02,0.000000000000000000e+00,1.500000000000000000e+01
-3.368046271056276790e-03,3.841251151946363240e+00,-6.859579405413745690e+02,5.500000000000000000e+02,6.580000000000000000e+02,1.000000000000000000e+00,1.400000000000000000e+01
-4.502094053272980533e-03,5.523255348516983076e+00,-1.227565072297476263e+03,5.900000000000000000e+02,6.760000000000000000e+02,1.000000000000000000e+00,1.200000000000000000e+01
1.801268767748420013e-02,-2.191674380841481096e+01,7.146717072381081380e+03,6.060000000000000000e+02,6.420000000000000000e+02,1.000000000000000000e+00,1.300000000000000000e+01
-1.600794626474418784e-03,1.540515968202317731e+00,1.217177936105234437e+02,3.860000000000000000e+02,7.320000000000000000e+02,0.000000000000000000e+00,1.500000000000000000e+01
-6.434247222568013208e-04,7.639855516955810222e-01,2.254750739337580967e+02,5.680000000000000000e+02,6.400000000000000000e+02,1.000000000000000000e+00,1.300000000000000000e+01
-1.116309226284954758e-03,1.008542968418670416e+00,2.802960194901257296e+02,5.060000000000000000e+02,6.560000000000000000e+02,1.000000000000000000e+00,1.300000000000000000e+01
-2.118719225020348519e-03,1.809410109899467933e+00,8.142734299812235577e+01,3.860000000000000000e+02,6.320000000000000000e+02,0.000000000000000000e+00,1.400000000000000000e+01
-2.569678241996189993e-02,3.125372549447929416e+01,-9.018729903804192872e+03,5.660000000000000000e+02,6.400000000000000000e+02,1.000000000000000000e+00,1.400000000000000000e+01
-1.519043427005031897e-03,1.853844727564663231e+00,-1.433548503103428402e+02,5.720000000000000000e+02,7.000000000000000000e+02,1.000000000000000000e+00,1.400000000000000000e+01
-7.511324543713297254e-03,8.639627117824092650e+00,-2.054826021189833682e+03,5.340000000000000000e+02,6.240000000000000000e+02,1.000000000000000000e+00,1.300000000000000000e+01
-2.811134450504320335e-03,2.498790724279424502e+00,-7.839463287214472587e+01,3.880000000000000000e+02,6.100000000000000000e+02,0.000000000000000000e+00,1.400000000000000000e+01
-2.235114526226315498e-02,2.800929126577154094e+01,-8.328137945207001394e+03,5.960000000000000000e+02,6.500000000000000000e+02,1.000000000000000000e+00,1.200000000000000000e+01
-1.017065180637583824e-03,8.920564625957361216e-01,2.755332911027803107e+02,4.020000000000000000e+02,7.020000000000000000e+02,0.000000000000000000e+00,1.300000000000000000e+01
-1.130955012433706823e-02,1.350588192669033383e+01,-3.575912660702892481e+03,5.500000000000000000e+02,6.520000000000000000e+02,1.000000000000000000e+00,1.300000000000000000e+01
-5.103357743876912531e-03,5.727578158231245276e+00,-1.149370138590602210e+03,5.400000000000000000e+02,6.220000000000000000e+02,1.000000000000000000e+00,1.300000000000000000e+01
-1.048110061890615910e-02,1.327454419000000563e+01,-3.753446855580978536e+03,6.060000000000000000e+02,6.840000000000000000e+02,1.000000000000000000e+00,1.200000000000000000e+01
-1.728585305238015783e-03,1.540143530955806028e+00,1.413347899061867281e+02,3.900000000000000000e+02,6.100000000000000000e+02,0.000000000000000000e+00,1.200000000000000000e+01
-5.090809249216105004e-02,5.975016216922247736e+01,-1.710007150654774159e+04,5.620000000000000000e+02,6.200000000000000000e+02,1.000000000000000000e+00,1.400000000000000000e+01
-1.472454858261033417e-03,1.386815649248665627e+00,1.405630076422326624e+02,4.080000000000000000e+02,6.720000000000000000e+02,0.000000000000000000e+00,1.300000000000000000e+01
4.942836407521581515e-03,-7.157128432909310334e+00,2.941854311501349912e+03,5.720000000000000000e+02,6.760000000000000000e+02,1.000000000000000000e+00,1.400000000000000000e+01
-1.582807516533218939e-02,1.892743843095129108e+01,-5.194683234221972270e+03,5.480000000000000000e+02,6.400000000000000000e+02,1.000000000000000000e+00,1.300000000000000000e+01
-3.150043186297349883e-03,4.281671870950122027e+00,-9.829425509929014879e+02,5.580000000000000000e+02,6.520000000000000000e+02,1.000000000000000000e+00,1.400000000000000000e+01
-2.608506612278513933e-03,3.329949804376983735e+00,-6.222062716843062162e+02,5.560000000000000000e+02,7.060000000000000000e+02,1.000000000000000000e+00,1.400000000000000000e+01
2.869574470877963744e-04,4.138984678100773168e-02,4.512009255300610562e+02,3.380000000000000000e+02,4.700000000000000000e+02,0.000000000000000000e+00,1.400000000000000000e+01
-1.476408058256013095e-02,1.827760375823460137e+01,-5.152623323065611658e+03,5.760000000000000000e+02,6.640000000000000000e+02,1.000000000000000000e+00,1.200000000000000000e+01
-1.855369047290625351e-02,2.241727847057390832e+01,-6.336443158421569933e+03,5.760000000000000000e+02,6.380000000000000000e+02,1.000000000000000000e+00,1.400000000000000000e+01
-3.692386045327142405e-03,3.161191749427013420e+00,-2.113985230455864723e+02,4.100000000000000000e+02,5.200000000000000000e+02,0.000000000000000000e+00,1.200000000000000000e+01
-1.569345481920008441e-03,1.337621575667086837e+00,1.849524986428921807e+02,4.100000000000000000e+02,6.740000000000000000e+02,0.000000000000000000e+00,1.300000000000000000e+01
-1.457378195664176326e-02,1.502767736421053968e+01,-3.377321824540142643e+03,5.100000000000000000e+02,5.780000000000000000e+02,1.000000000000000000e+00,1.400000000000000000e+01
-2.085470068569888341e-03,2.021042947095033071e+00,1.215850814770291244e+01,3.940000000000000000e+02,6.660000000000000000e+02,0.000000000000000000e+00,1.400000000000000000e+01
-1.851961802636208857e-03,3.010296129377147967e+00,-6.963046631934955712e+02,5.740000000000000000e+02,6.540000000000000000e+02,1.000000000000000000e+00,1.300000000000000000e+01
-4.950786320155385264e-03,6.391405280483011708e+00,-1.592422555607069626e+03,5.440000000000000000e+02,6.380000000000000000e+02,1.000000000000000000e+00,1.200000000000000000e+01
7.776762116748265133e-03,2.433658565416220443e-01,-2.191015265378631284e+03,5.620000000000000000e+02,5.640000000000000000e+02,1.000000000000000000e+00,1.200000000000000000e+01
-2.445910470766521610e-03,2.374402934482873206e+00,-8.234405573076929841e+01,4.940000000000000000e+02,6.340000000000000000e+02,1.000000000000000000e+00,1.300000000000000000e+01
-2.260245190733049716e-03,2.668022008014372837e+00,-3.048651221579216326e+02,5.260000000000000000e+02,6.680000000000000000e+02,1.000000000000000000e+00,1.200000000000000000e+01
-3.788192015169826454e-03,4.126235264749857024e+00,-7.140861515769959169e+02,5.520000000000000000e+02,6.420000000000000000e+02,1.000000000000000000e+00,1.300000000000000000e+01
-8.929422791929872546e-05,-3.256736871836704572e-01,6.863899836414710762e+02,5.060000000000000000e+02,6.840000000000000000e+02,1.000000000000000000e+00,1.300000000000000000e+01
-5.693147058849257897e-03,7.336691140167838299e+00,-1.922556839481403358e+03,5.760000000000000000e+02,6.540000000000000000e+02,1.000000000000000000e+00,1.400000000000000000e+01
-1.787879317174542737e-02,2.176370349673132765e+01,-6.174265158887187681e+03,5.640000000000000000e+02,6.560000000000000000e+02,1.000000000000000000e+00,1.400000000000000000e+01
-4.256403987176123581e-03,5.539224281505411795e+00,-1.328898295278397200e+03,5.520000000000000000e+02,7.100000000000000000e+02,1.000000000000000000e+00,1.400000000000000000e+01
-1.076169020953960439e-03,9.099938357284882429e-01,2.802896295022723621e+02,3.700000000000000000e+02,6.880000000000000000e+02,0.000000000000000000e+00,1.400000000000000000e+01
-1.125633115141145982e-03,9.976077960865752381e-01,2.510124342028302351e+02,4.000000000000000000e+02,6.740000000000000000e+02,0.000000000000000000e+00,1.300000000000000000e+01
-2.197486460600281237e-03,2.117391135400583657e+00,5.717092968671370734e+00,3.700000000000000000e+02,6.320000000000000000e+02,0.000000000000000000e+00,1.500000000000000000e+01
-1.490683229813144495e-02,1.924720496893757016e+01,-5.743781366457583317e+03,6.080000000000000000e+02,6.640000000000000000e+02,1.000000000000000000e+00,1.100000000000000000e+01
-1.291349272690769066e-02,1.570891374534556384e+01,-4.277181180559296990e+03,5.720000000000000000e+02,6.780000000000000000e+02,1.000000000000000000e+00,1.300000000000000000e+01
-1.381224078830553753e-03,1.083415322951505111e+00,2.543222923973777938e+02,4.060000000000000000e+02,6.940000000000000000e+02,0.000000000000000000e+00,1.400000000000000000e+01
-1.927062481127329169e-02,2.188536753780963551e+01,-5.754336293431353624e+03,5.600000000000000000e+02,6.340000000000000000e+02,1.000000000000000000e+00,1.300000000000000000e+01
-5.334001264482935226e-04,2.477328862495094264e-01,4.475438633544596883e+02,5.600000000000000000e+02,5.740000000000000000e+02,1.000000000000000000e+00,1.200000000000000000e+01
-6.493983855051911266e-03,7.979300262005933675e+00,-2.019914887794616106e+03,5.920000000000000000e+02,7.000000000000000000e+02,1.000000000000000000e+00,1.300000000000000000e+01
-2.359840279870812491e-03,2.043929325676140607e+00,3.943306523925715368e+01,3.720000000000000000e+02,6.400000000000000000e+02,0.000000000000000000e+00,1.500000000000000000e+01
-2.294934537275112631e-03,2.646117285978818678e+00,-3.084313744772267682e+02,5.740000000000000000e+02,6.760000000000000000e+02,1.000000000000000000e+00,1.200000000000000000e+01
-2.712710775514627030e-03,2.480787103846334052e+00,-6.511716513299586495e+01,3.780000000000000000e+02,6.500000000000000000e+02,0.000000000000000000e+00,1.500000000000000000e+01
-1.187529478273764878e-03,9.563173994176189519e-01,2.651689099463660568e+02,4.020000000000000000e+02,6.640000000000000000e+02,0.000000000000000000e+00,1.200000000000000000e+01
-3.118321703112265312e-03,3.934508714661038020e+00,-7.858592720889000702e+02,5.540000000000000000e+02,6.980000000000000000e+02,1.000000000000000000e+00,1.500000000000000000e+01
-4.959280542015713500e-03,6.200047564179221204e+00,-1.480832378689802908e+03,5.400000000000000000e+02,6.560000000000000000e+02,1.000000000000000000e+00,1.200000000000000000e+01
-4.423936586638406096e-04,1.846097241221210106e-01,5.096539875429846234e+02,4.880000000000000000e+02,6.700000000000000000e+02,1.000000000000000000e+00,1.200000000000000000e+01
5.215592313805260654e-04,-6.485074149385089415e-01,6.296777292833085085e+02,4.160000000000000000e+02,5.660000000000000000e+02,0.000000000000000000e+00,1.400000000000000000e+01
-7.367130520191771982e-03,8.957900518892477848e+00,-2.275862820003042089e+03,5.420000000000000000e+02,6.420000000000000000e+02,1.000000000000000000e+00,1.300000000000000000e+01
-8.668152020930915570e-04,9.135534919427119593e-01,2.658408090769423779e+02,4.160000000000000000e+02,6.720000000000000000e+02,0.000000000000000000e+00,1.400000000000000000e+01
-1.544598613831872592e-03,1.276226442704641029e+00,2.000326424039776612e+02,3.860000000000000000e+02,6.560000000000000000e+02,0.000000000000000000e+00,1.400000000000000000e+01
-1.330517499301217587e-03,1.562047095773143379e+00,3.075401933164303969e+01,5.520000000000000000e+02,6.760000000000000000e+02,1.000000000000000000e+00,1.200000000000000000e+01
-2.105785057594774211e-03,1.602435868529727081e+00,1.556598866767390348e+02,3.620000000000000000e+02,6.040000000000000000e+02,0.000000000000000000e+00,1.300000000000000000e+01
-2.973540689942308791e-03,3.572020425155188139e+00,-6.053087934631771532e+02,5.780000000000000000e+02,6.980000000000000000e+02,1.000000000000000000e+00,1.300000000000000000e+01
-9.372214489984072652e-04,6.027075295529940036e-01,4.191248705921275359e+02,5.620000000000000000e+02,7.020000000000000000e+02,1.000000000000000000e+00,1.300000000000000000e+01
-1.661469406840305205e-03,1.554107524023041309e+00,1.162221053157444572e+02,3.900000000000000000e+02,7.240000000000000000e+02,0.000000000000000000e+00,1.500000000000000000e+01
-1.170195078455396652e-03,1.249594616370870437e+00,1.715685456039196595e+02,4.440000000000000000e+02,6.900000000000000000e+02,0.000000000000000000e+00,1.300000000000000000e+01
-5.936475836565777674e-03,7.940781480114828206e+00,-2.199744575297825122e+03,5.820000000000000000e+02,6.800000000000000000e+02,1.000000000000000000e+00,1.200000000000000000e+01
-1.713569963001393068e-02,1.969945529370777493e+01,-5.239877000738577408e+03,5.680000000000000000e+02,6.220000000000000000e+02,1.000000000000000000e+00,1.200000000000000000e+01
3.821548821549350383e-02,-3.449326599327083898e+01,8.213022222223329663e+03,4.180000000000000000e+02,4.720000000000000000e+02,0.000000000000000000e+00,1.300000000000000000e+01
-9.579324917666770653e-04,9.991945842016484169e-01,2.405093909746386487e+02,4.120000000000000000e+02,6.820000000000000000e+02,0.000000000000000000e+00,1.400000000000000000e+01
-1.041177619127556632e-03,9.748327927675511928e-01,2.664609420981161634e+02,4.020000000000000000e+02,6.480000000000000000e+02,0.000000000000000000e+00,1.400000000000000000e+01
-2.431456668134321028e-02,2.889859902076895892e+01,-8.148089112551670951e+03,5.620000000000000000e+02,6.440000000000000000e+02,1.000000000000000000e+00,1.400000000000000000e+01
-3.571428571424840881e-02,4.499999999995344524e+01,-1.370871428569975797e+04,6.100000000000000000e+02,6.380000000000000000e+02,1.000000000000000000e+00,1.300000000000000000e+01
-4.796228609533970122e-02,5.859538412585035161e+01,-1.740440764407427196e+04,5.900000000000000000e+02,6.500000000000000000e+02,1.000000000000000000e+00,1.300000000000000000e+01
-2.111996914451356750e-03,2.033633337025808174e+00,-7.698852164271404952e+00,3.780000000000000000e+02,5.880000000000000000e+02,0.000000000000000000e+00,1.300000000000000000e+01
-8.250431816811376043e-04,8.189164373072432834e-01,2.912343281471096361e+02,3.840000000000000000e+02,6.440000000000000000e+02,0.000000000000000000e+00,1.200000000000000000e+01
-2.463793306840370966e-03,2.151650166618098492e+00,1.160509178633948935e+01,3.960000000000000000e+02,6.120000000000000000e+02,0.000000000000000000e+00,1.300000000000000000e+01
-6.258712420844793735e-04,7.100022520719090346e-01,2.967610416762715317e+02,3.940000000000000000e+02,7.040000000000000000e+02,0.000000000000000000e+00,1.300000000000000000e+01
-6.985035029825806437e-03,8.516759982139653573e+00,-2.153314404418771574e+03,5.540000000000000000e+02,6.800000000000000000e+02,1.000000000000000000e+00,1.500000000000000000e+01
-1.764237902510436490e-03,1.757412255528011391e+00,5.320654787161294053e+01,4.140000000000000000e+02,6.620000000000000000e+02,0.000000000000000000e+00,1.400000000000000000e+01
-1.471182260702217541e-03,1.438598878009822224e+00,1.446978804395986060e+02,4.160000000000000000e+02,6.780000000000000000e+02,0.000000000000000000e+00,1.300000000000000000e+01
-3.988733186895079656e-03,3.566692075973026288e+00,-2.661236047862201417e+02,3.720000000000000000e+02,5.840000000000000000e+02,0.000000000000000000e+00,1.500000000000000000e+01
-7.026270140838765822e-04,6.237514369174370632e-01,3.384425338785657118e+02,4.280000000000000000e+02,6.900000000000000000e+02,0.000000000000000000e+00,1.200000000000000000e+01
-7.780620585585370803e-04,5.173091289477950161e-01,3.810908831463946740e+02,3.800000000000000000e+02,7.000000000000000000e+02,0.000000000000000000e+00,1.400000000000000000e+01
-8.328111953971945730e-03,1.007361376224079841e+01,-2.577526947227424898e+03,5.380000000000000000e+02,6.640000000000000000e+02,1.000000000000000000e+00,1.300000000000000000e+01
-1.899555510823713227e-03,1.725004035095403676e+00,9.488771906997720862e+01,4.320000000000000000e+02,6.520000000000000000e+02,0.000000000000000000e+00,1.200000000000000000e+01
-1.137643760912623349e-02,1.395617710394532907e+01,-3.822532959395167836e+03,5.540000000000000000e+02,6.580000000000000000e+02,1.000000000000000000e+00,1.300000000000000000e+01
-1.076054953456713655e-03,7.707666209959029846e-01,3.403427339875586313e+02,3.460000000000000000e+02,5.880000000000000000e+02,0.000000000000000000e+00,1.400000000000000000e+01
-1.192320655395609323e-02,1.447353252227219400e+01,-3.917574639396667408e+03,5.800000000000000000e+02,6.780000000000000000e+02,1.000000000000000000e+00,1.300000000000000000e+01
-2.891099135803393110e-03,2.369557265267319579e+00,-1.484122559883429382e+01,3.800000000000000000e+02,5.800000000000000000e+02,0.000000000000000000e+00,1.300000000000000000e+01
-3.727120535346069557e-04,-7.241033057330299727e-02,6.234554509873397592e+02,4.980000000000000000e+02,6.860000000000000000e+02,1.000000000000000000e+00,1.300000000000000000e+01
-2.583720011170929226e-02,3.133671107742891593e+01,-9.012351254822275223e+03,5.780000000000000000e+02,6.540000000000000000e+02,1.000000000000000000e+00,1.300000000000000000e+01
-1.245344243325341221e-03,1.117596806916175689e+00,2.077643509813646858e+02,3.980000000000000000e+02,6.520000000000000000e+02,0.000000000000000000e+00,1.200000000000000000e+01
-1.270699739119825374e-03,1.028603685454845262e+00,2.296079418518011437e+02,3.760000000000000000e+02,6.420000000000000000e+02,0.000000000000000000e+00,1.300000000000000000e+01
-1.865027669621391543e-03,1.720842214155241301e+00,9.113022317460067256e+01,4.040000000000000000e+02,6.700000000000000000e+02,0.000000000000000000e+00,1.400000000000000000e+01
-2.093243594228955378e-03,3.115465335062647112e-01,8.019826106570380944e+02,4.760000000000000000e+02,4.980000000000000000e+02,1.000000000000000000e+00,1.200000000000000000e+01
-2.208022274025293191e-02,2.676053848293509674e+01,-7.627763279254030749e+03,5.820000000000000000e+02,6.540000000000000000e+02,1.000000000000000000e+00,1.200000000000000000e+01
-2.987843762009370543e-03,3.339499121445994589e+00,-4.751668569128348167e+02,5.580000000000000000e+02,6.680000000000000000e+02,1.000000000000000000e+00,1.200000000000000000e+01
-8.928571428571351314e-04,8.061951384199773640e-01,2.962817401369757135e+02,4.440000000000000000e+02,6.480000000000000000e+02,0.000000000000000000e+00,1.300000000000000000e+01
-7.243089075904647015e-04,4.616530547492531111e-01,4.179890418724986034e+02,3.880000000000000000e+02,6.460000000000000000e+02,0.000000000000000000e+00,1.200000000000000000e+01
-1.707643133653483037e-03,1.470026281452622818e+00,1.501854151703550144e+02,4.080000000000000000e+02,6.780000000000000000e+02,0.000000000000000000e+00,1.500000000000000000e+01
-7.281991744065973576e-03,8.642401960784260595e+00,-2.128539009287917906e+03,5.340000000000000000e+02,6.480000000000000000e+02,1.000000000000000000e+00,1.300000000000000000e+01
4.749999999945194729e-01,-5.655499999934817197e+02,1.687569999980621506e+05,5.880000000000000000e+02,5.980000000000000000e+02,1.000000000000000000e+00,1.200000000000000000e+01
-9.563402600718119706e-03,1.076968277508146521e+01,-2.604562230342007297e+03,5.280000000000000000e+02,6.480000000000000000e+02,1.000000000000000000e+00,1.400000000000000000e+01
-1.980750327021084996e-03,1.584109903255671359e+00,1.674805644706442251e+02,3.560000000000000000e+02,5.920000000000000000e+02,0.000000000000000000e+00,1.400000000000000000e+01
-2.030451799229893162e-02,1.691116973347067187e+01,-3.022352266576322108e+03,3.800000000000000000e+02,4.680000000000000000e+02,0.000000000000000000e+00,1.300000000000000000e+01
-1.488328982914014203e-03,2.443103482239182833e-01,7.470690760583031533e+02,5.480000000000000000e+02,5.760000000000000000e+02,1.000000000000000000e+00,1.400000000000000000e+01
-2.333799979694083093e-02,2.647117045624932530e+01,-7.043188933326310689e+03,5.840000000000000000e+02,6.440000000000000000e+02,1.000000000000000000e+00,1.300000000000000000e+01
-1.255519128849538323e-03,1.278124138997266845e+00,1.778683488724643382e+02,4.120000000000000000e+02,7.100000000000000000e+02,0.000000000000000000e+00,1.300000000000000000e+01
-2.301165575550780627e-03,2.081700599496599580e+00,1.269662596421888701e+01,4.020000000000000000e+02,6.280000000000000000e+02,0.000000000000000000e+00,1.300000000000000000e+01
-1.079544848493872548e-02,1.370387600180963261e+01,-3.887311533643567600e+03,5.680000000000000000e+02,6.780000000000000000e+02,1.000000000000000000e+00,1.400000000000000000e+01
-2.204321259750939479e-03,1.901123162500544694e+00,5.372177014523018812e+01,3.960000000000000000e+02,6.320000000000000000e+02,0.000000000000000000e+00,1.300000000000000000e+01
-1.936405758628856983e-03,1.547408404393482817e+00,1.694191867945081924e+02,3.920000000000000000e+02,5.860000000000000000e+02,0.000000000000000000e+00,1.400000000000000000e+01
-1.009014431789457059e-02,1.312802161806810020e+01,-3.769346041533855441e+03,5.620000000000000000e+02,7.180000000000000000e+02,1.000000000000000000e+00,1.600000000000000000e+01
-1.693703218836150985e-03,1.248993504994182047e+00,2.168701204077883631e+02,3.880000000000000000e+02,6.540000000000000000e+02,0.000000000000000000e+00,1.400000000000000000e+01
-3.189931453047447230e-03,4.683400730718168425e+00,-1.209856293913061336e+03,5.600000000000000000e+02,7.020000000000000000e+02,1.000000000000000000e+00,1.400000000000000000e+01
-9.152975696068233261e-03,1.022157959911288927e+01,-2.388889290935256213e+03,5.480000000000000000e+02,6.640000000000000000e+02,1.000000000000000000e+00,1.400000000000000000e+01
-1.410674177988107108e-03,2.207449648366090145e+00,-3.976176405608588311e+02,5.720000000000000000e+02,6.200000000000000000e+02,1.000000000000000000e+00,1.300000000000000000e+01
-1.187889512664966514e-02,1.349822296773168517e+01,-3.372826178435394013e+03,5.460000000000000000e+02,6.660000000000000000e+02,1.000000000000000000e+00,1.500000000000000000e+01
-1.378879957818778456e-03,1.094488994202903909e+00,2.521055290235450457e+02,3.360000000000000000e+02,6.220000000000000000e+02,0.000000000000000000e+00,1.400000000000000000e+01
-1.828821127018533501e-03,1.696517512153856044e+00,1.266920680965582449e+02,3.580000000000000000e+02,6.040000000000000000e+02,0.000000000000000000e+00,1.400000000000000000e+01
-8.333333333333202680e-04,1.183333333333316473e+00,9.197000000000571163e+01,5.620000000000000000e+02,6.420000000000000000e+02,1.000000000000000000e+00,1.300000000000000000e+01
-2.876707814025529324e-03,2.232745478301301656e+00,1.757783218656772561e+01,3.780000000000000000e+02,5.960000000000000000e+02,0.000000000000000000e+00,1.400000000000000000e+01
-7.550068930381353179e-04,8.424164955071931082e-01,2.697510676123206395e+02,3.980000000000000000e+02,6.680000000000000000e+02,0.000000000000000000e+00,1.200000000000000000e+01
-1.151342850486042173e-02,1.450350714411432129e+01,-4.117308381178717354e+03,5.660000000000000000e+02,6.760000000000000000e+02,1.000000000000000000e+00,1.500000000000000000e+01
2.713514700710998543e-03,-3.518454915582760467e+00,1.583042554400683912e+03,5.020000000000000000e+02,6.800000000000000000e+02,1.000000000000000000e+00,1.400000000000000000e+01
-7.052701586724731062e-03,8.247331560307573639e+00,-1.955681189145637745e+03,5.280000000000000000e+02,6.580000000000000000e+02,1.000000000000000000e+00,1.300000000000000000e+01
-3.226188033192232268e-02,3.560598679823919355e+01,-9.386447156143882239e+03,5.200000000000000000e+02,5.960000000000000000e+02,1.000000000000000000e+00,1.500000000000000000e+01
-1.132835792968864101e-02,1.302865592591246013e+01,-3.312804210143171076e+03,5.560000000000000000e+02,6.520000000000000000e+02,1.000000000000000000e+00,1.400000000000000000e+01
-3.386010807580192884e-03,2.594714633945217397e+00,-1.966102201439605324e+01,3.380000000000000000e+02,4.760000000000000000e+02,0.000000000000000000e+00,1.300000000000000000e+01
-1.056769021769295505e-03,8.772701259029231924e-01,2.739022146842387428e+02,4.040000000000000000e+02,6.840000000000000000e+02,0.000000000000000000e+00,1.500000000000000000e+01
-1.316640082907159217e-03,1.030224577913375628e+00,2.846534629557189078e+02,3.360000000000000000e+02,6.500000000000000000e+02,0.000000000000000000e+00,1.400000000000000000e+01
-1.036993962876891443e-03,9.520618650677435957e-01,2.630897010510985865e+02,4.140000000000000000e+02,7.060000000000000000e+02,0.000000000000000000e+00,1.400000000000000000e+01
-2.205823247889204374e-03,2.368884613614844259e+00,-1.910089414433596744e+02,5.820000000000000000e+02,7.100000000000000000e+02,1.000000000000000000e+00,1.300000000000000000e+01
-3.075219644245516006e-03,3.561306172465199982e+00,-5.701497793550950064e+02,6.080000000000000000e+02,6.580000000000000000e+02,1.000000000000000000e+00,1.300000000000000000e+01
-4.186079775865488711e-03,4.805431639572942615e+00,-9.602374837198251498e+02,5.200000000000000000e+02,6.380000000000000000e+02,1.000000000000000000e+00,1.300000000000000000e+01
-1.099786584219050040e-02,1.206346159669117313e+01,-2.866417194728091090e+03,5.440000000000000000e+02,6.500000000000000000e+02,1.000000000000000000e+00,1.300000000000000000e+01
-1.134890913018104857e-03,9.402070571519135500e-01,2.749777698076831030e+02,3.940000000000000000e+02,6.860000000000000000e+02,0.000000000000000000e+00,1.500000000000000000e+01
-1.724582240286870157e-03,1.643563878091065744e+00,1.378234016488686962e+02,3.660000000000000000e+02,6.880000000000000000e+02,0.000000000000000000e+00,1.400000000000000000e+01
-3.009799823018336276e-02,3.409645303234324132e+01,-9.188941627208765567e+03,5.540000000000000000e+02,6.260000000000000000e+02,1.000000000000000000e+00,1.400000000000000000e+01
-1.818519696477502619e-03,1.754786406834773160e+00,5.976154936376000393e+01,3.920000000000000000e+02,5.600000000000000000e+02,0.000000000000000000e+00,1.400000000000000000e+01
-1.885050612519426419e-02,2.240034893447571207e+01,-6.214544932559681911e+03,5.500000000000000000e+02,6.580000000000000000e+02,1.000000000000000000e+00,1.500000000000000000e+01
-5.873295510138709652e-03,7.227691093541496414e+00,-1.806595124123461119e+03,5.760000000000000000e+02,6.800000000000000000e+02,1.000000000000000000e+00,1.400000000000000000e+01
-1.657670862783287499e-02,1.906865593453335350e+01,-5.050980400995380478e+03,5.360000000000000000e+02,6.460000000000000000e+02,1.000000000000000000e+00,1.500000000000000000e+01
-2.036185241381488400e-03,1.489434932001821199e+00,1.973977984510012504e+02,3.620000000000000000e+02,6.000000000000000000e+02,0.000000000000000000e+00,1.300000000000000000e+01
-1.962032193584871062e-03,2.456604903792246386e+00,-2.963166415092792931e+02,5.700000000000000000e+02,6.640000000000000000e+02,1.000000000000000000e+00,1.200000000000000000e+01
-5.364233192193895716e-03,6.601706459471702537e+00,-1.592328816045592248e+03,5.480000000000000000e+02,7.100000000000000000e+02,1.000000000000000000e+00,1.400000000000000000e+01
-1.763509855200005340e-03,1.566082891636661811e+00,1.201736172365616113e+02,4.020000000000000000e+02,6.760000000000000000e+02,0.000000000000000000e+00,1.400000000000000000e+01
-1.300825597809497462e-03,1.462919510013994895e+00,6.013680241557926820e+01,5.340000000000000000e+02,6.920000000000000000e+02,1.000000000000000000e+00,1.300000000000000000e+01
-6.187023456743346965e-03,7.577553075871681365e+00,-1.870886626853269945e+03,5.460000000000000000e+02,6.540000000000000000e+02,1.000000000000000000e+00,1.300000000000000000e+01
-8.391220164929529251e-04,9.081817949155623904e-01,2.546565321986678896e+02,4.180000000000000000e+02,6.140000000000000000e+02,0.000000000000000000e+00,1.200000000000000000e+01
-4.994552208789059802e-04,2.427073457162455261e-01,4.199877649567338835e+02,5.380000000000000000e+02,5.640000000000000000e+02,1.000000000000000000e+00,1.200000000000000000e+01
-5.272653060672162148e-03,6.401260226617299764e+00,-1.494874203040675184e+03,5.340000000000000000e+02,6.460000000000000000e+02,1.000000000000000000e+00,1.300000000000000000e+01
-4.030466067404611316e-03,5.094264892436735970e+00,-1.108356706434183025e+03,5.360000000000000000e+02,6.340000000000000000e+02,1.000000000000000000e+00,1.300000000000000000e+01
